idProduto;produtoNome;idCategoria;idFornecedor
1;Lenin Jeansshorts;1;1
15;Sumi Underwear;2;6
44;Okkaba Skin Jackets;2;20
67;X-Dress;2;16
76;Minnki Pälsii;2;23
76;Minnki Pälsii;2;23
25;Basket Vest;3;11
55;Feiss Fleece Trousers;3;25
62;Sheat Shoes;3;29
43;Summer Shorts;4;20
64;WFS shoes;5;12
42;Balett Shoes;5;20
28;RDL Suit;7;12
36;Mehmet-Tröja;8;17
13;Aino Shoes;8;6
36;Mehmet-Tröja;8;17
2;Mr X Trousers;1;1
70;US-Master Jeans;1;7
65;Stretch oui-pants;2;2
33;Car Boots;3;15
68;Cap;3;8
54;Patamonia Fleece Jacket;3;25
25;Basket Vest;3;11
61;Adihash Running Shoe;3;29
62;Sheat Shoes;3;29
35;LA. Shorts;4;16
43;Summer Shorts;4;20
72;Rossi Shorts;4;14
52;Small Crocodile Boots;5;24
48;Root Boot;6;22
51;Snake Boots;6;24
74;Nikee Running Shoes;7;4
7;Conserve Shoes;7;3
7;Conserve Shoes;7;3
10;Sapporoo Gloves;8;4
10;Sapporoo Gloves;8;4
41;Duck Shirt;8;19
46;Rodbye Troje;8;21
75;Bow tie;1;12
24;Samba Socker  Socks;1;10
16;Wimbledon T-Shirt;3;7
72;Rossi Shorts;4;14
29;Davenport;6;12
10;Sapporoo Gloves;8;4
36;Mehmet-Tröja;8;17
24;Samba Socker  Socks;1;10
2;Mr X Trousers;1;1
75;Bow tie;1;12
1;Lenin Jeansshorts;1;1
71;Atles Lussekofta;1;15
24;Samba Socker  Socks;1;10
24;Samba Socker  Socks;1;10
24;Samba Socker  Socks;1;10
24;Samba Socker  Socks;1;10
2;Mr X Trousers;1;1
75;Bow tie;1;12
70;US-Master Jeans;1;7
70;US-Master Jeans;1;7
1;Lenin Jeansshorts;1;1
75;Bow tie;1;12
71;Atles Lussekofta;1;15
2;Mr X Trousers;1;1
70;US-Master Jeans;1;7
71;Atles Lussekofta;1;15
2;Mr X Trousers;1;1
11;Desperado Jeans;1;5
11;Desperado Jeans;1;5
11;Desperado Jeans;1;5
71;Atles Lussekofta;1;15
71;Atles Lussekofta;1;15
6;Shagall Socks;2;3
8;Tuxedo;2;3
53;Jumpin Jack Flash Dress;2;24
39;Terence Top;2;18
65;Stretch oui-pants;2;2
53;Jumpin Jack Flash Dress;2;24
65;Stretch oui-pants;2;2
3;Chantell Shirt;2;1
77;Skirt;2;12
77;Skirt;2;12
4;Oyaki Kimono;2;2
4;Oyaki Kimono;2;2
77;Skirt;2;12
63;Serve-Shirt;2;7
44;Okkaba Skin Jackets;2;20
66;Langoste Shirt;2;2
53;Jumpin Jack Flash Dress;2;24
53;Jumpin Jack Flash Dress;2;24
53;Jumpin Jack Flash Dress;2;24
76;Minnki Pälsii;2;23
60;Game Over T-Shirt;3;28
59;Rasta WCT;3;28
69;Racing Truck  Socks;3;15
60;Game Over T-Shirt;3;28
19;Squash Shorts;3;8
61;Adihash Running Shoe;3;29
21;Basket Shoes;3;8
54;Patamonia Fleece Jacket;3;25
50;Finnish Swimsuit;3;23
60;Game Over T-Shirt;3;28
59;Rasta WCT;3;28
50;Finnish Swimsuit;3;23
59;Rasta WCT;3;28
26;Bike Helmet;3;11
59;Rasta WCT;3;28
16;Wimbledon T-Shirt;3;7
33;Car Boots;3;15
62;Sheat Shoes;3;29
16;Wimbledon T-Shirt;3;7
68;Cap;3;8
33;Car Boots;3;15
33;Car Boots;3;15
50;Finnish Swimsuit;3;23
33;Car Boots;3;15
26;Bike Helmet;3;11
54;Patamonia Fleece Jacket;3;25
55;Feiss Fleece Trousers;3;25
61;Adihash Running Shoe;3;29
54;Patamonia Fleece Jacket;3;25
12;Tiny Winy Hot Bikini;4;5
35;LA. Shorts;4;16
32;Rossi Bikkini;4;14
31;Rossi Bermuda Shorts;4;14
43;Summer Shorts;4;20
34;Baywatch Bikkini;4;16
43;Summer Shorts;4;20
43;Summer Shorts;4;20
31;Rossi Bermuda Shorts;4;14
72;Rossi Shorts;4;14
31;Rossi Bermuda Shorts;4;14
32;Rossi Bikkini;4;14
12;Tiny Winy Hot Bikini;4;5
42;Balett Shoes;5;20
22;Ravellis Träskor;5;9
23;DSW;5;9
64;WFS shoes;5;12
42;Balett Shoes;5;20
42;Balett Shoes;5;20
57;Burned Rubber Shoes;5;26
52;Small Crocodile Boots;5;24
56;High Heels Shoes;5;26
56;High Heels Shoes;5;26
56;High Heels Shoes;5;26
52;Small Crocodile Boots;5;24
56;High Heels Shoes;5;26
56;High Heels Shoes;5;26
52;Small Crocodile Boots;5;24
17;TieBreak Tennis shoes;6;7
45;Danske Treshoe;6;21
51;Snake Boots;6;24
9;Fuji Boots;6;4
17;TieBreak Tennis shoes;6;7
51;Snake Boots;6;24
29;Davenport;6;12
9;Fuji Boots;6;4
29;Davenport;6;12
51;Snake Boots;6;24
29;Davenport;6;12
29;Davenport;6;12
28;RDL Suit;7;12
28;RDL Suit;7;12
14;Kool Sunglasses;7;6
73;Mehmet-Napp;8;17
73;Mehmet-Napp;8;17
36;Mehmet-Tröja;8;17
13;Aino Shoes;8;6
10;Sapporoo Gloves;8;4
10;Sapporoo Gloves;8;4
10;Sapporoo Gloves;8;4
40;Duck Trousers;8;19
40;Duck Trousers;8;19
18;Deuce shirt;8;7
36;Mehmet-Tröja;8;17
41;Duck Shirt;8;19
30;Baby Dark Lounge Suit;8;13
18;Deuce shirt;8;7
30;Baby Dark Lounge Suit;8;13
18;Deuce shirt;8;7
41;Duck Shirt;8;19
40;Duck Trousers;8;19
30;Baby Dark Lounge Suit;8;13
41;Duck Shirt;8;19
13;Aino Shoes;8;6
58;Ga-Ga Dress;8;27
58;Ga-Ga Dress;8;27
11;Desperado Jeans;1;5
71;Atles Lussekofta;1;15
6;Shagall Socks;2;3
19;Squash Shorts;3;8
54;Patamonia Fleece Jacket;3;25
64;WFS shoes;5;12
14;Kool Sunglasses;7;6
10;Sapporoo Gloves;8;4
46;Rodbye Troje;8;21
24;Samba Socker  Socks;1;10
6;Shagall Socks;2;3
44;Okkaba Skin Jackets;2;20
59;Rasta WCT;3;28
59;Rasta WCT;3;28
33;Car Boots;3;15
68;Cap;3;8
62;Sheat Shoes;3;29
33;Car Boots;3;15
62;Sheat Shoes;3;29
17;TieBreak Tennis shoes;6;7
51;Snake Boots;6;24
10;Sapporoo Gloves;8;4
41;Duck Shirt;8;19
75;Bow tie;1;12
1;Lenin Jeansshorts;1;1
70;US-Master Jeans;1;7
11;Desperado Jeans;1;5
38;Le Baby Dress;2;18
39;Terence Top;2;18
76;Minnki Pälsii;2;23
59;Rasta WCT;3;28
49;Finnish Sport Blades;3;23
55;Feiss Fleece Trousers;3;25
54;Patamonia Fleece Jacket;3;25
62;Sheat Shoes;3;29
72;Rossi Shorts;4;14
31;Rossi Bermuda Shorts;4;14
31;Rossi Bermuda Shorts;4;14
57;Burned Rubber Shoes;5;26
64;WFS shoes;5;12
56;High Heels Shoes;5;26
52;Small Crocodile Boots;5;24
17;TieBreak Tennis shoes;6;7
29;Davenport;6;12
28;RDL Suit;7;12
46;Rodbye Troje;8;21
10;Sapporoo Gloves;8;4
41;Duck Shirt;8;19
18;Deuce shirt;8;7
75;Bow tie;1;12
38;Le Baby Dress;2;18
69;Racing Truck  Socks;3;15
16;Wimbledon T-Shirt;3;7
18;Deuce shirt;8;7
75;Bow tie;1;12
75;Bow tie;1;12
24;Samba Socker  Socks;1;10
75;Bow tie;1;12
24;Samba Socker  Socks;1;10
75;Bow tie;1;12
11;Desperado Jeans;1;5
71;Atles Lussekofta;1;15
5;O-Man Underwear;1;2
5;O-Man Underwear;1;2
11;Desperado Jeans;1;5
75;Bow tie;1;12
11;Desperado Jeans;1;5
1;Lenin Jeansshorts;1;1
11;Desperado Jeans;1;5
2;Mr X Trousers;1;1
1;Lenin Jeansshorts;1;1
24;Samba Socker  Socks;1;10
70;US-Master Jeans;1;7
11;Desperado Jeans;1;5
71;Atles Lussekofta;1;15
65;Stretch oui-pants;2;2
53;Jumpin Jack Flash Dress;2;24
77;Skirt;2;12
65;Stretch oui-pants;2;2
77;Skirt;2;12
39;Terence Top;2;18
66;Langoste Shirt;2;2
4;Oyaki Kimono;2;2
44;Okkaba Skin Jackets;2;20
53;Jumpin Jack Flash Dress;2;24
66;Langoste Shirt;2;2
63;Serve-Shirt;2;7
39;Terence Top;2;18
76;Minnki Pälsii;2;23
76;Minnki Pälsii;2;23
76;Minnki Pälsii;2;23
16;Wimbledon T-Shirt;3;7
69;Racing Truck  Socks;3;15
49;Finnish Sport Blades;3;23
21;Basket Shoes;3;8
60;Game Over T-Shirt;3;28
16;Wimbledon T-Shirt;3;7
60;Game Over T-Shirt;3;28
16;Wimbledon T-Shirt;3;7
60;Game Over T-Shirt;3;28
54;Patamonia Fleece Jacket;3;25
68;Cap;3;8
60;Game Over T-Shirt;3;28
49;Finnish Sport Blades;3;23
59;Rasta WCT;3;28
50;Finnish Swimsuit;3;23
21;Basket Shoes;3;8
26;Bike Helmet;3;11
62;Sheat Shoes;3;29
25;Basket Vest;3;11
61;Adihash Running Shoe;3;29
60;Game Over T-Shirt;3;28
55;Feiss Fleece Trousers;3;25
62;Sheat Shoes;3;29
49;Finnish Sport Blades;3;23
33;Car Boots;3;15
61;Adihash Running Shoe;3;29
55;Feiss Fleece Trousers;3;25
26;Bike Helmet;3;11
20;Tennis Suit;3;8
55;Feiss Fleece Trousers;3;25
33;Car Boots;3;15
20;Tennis Suit;3;8
35;LA. Shorts;4;16
43;Summer Shorts;4;20
43;Summer Shorts;4;20
43;Summer Shorts;4;20
35;LA. Shorts;4;16
31;Rossi Bermuda Shorts;4;14
72;Rossi Shorts;4;14
31;Rossi Bermuda Shorts;4;14
35;LA. Shorts;4;16
22;Ravellis Träskor;5;9
42;Balett Shoes;5;20
57;Burned Rubber Shoes;5;26
56;High Heels Shoes;5;26
56;High Heels Shoes;5;26
52;Small Crocodile Boots;5;24
52;Small Crocodile Boots;5;24
52;Small Crocodile Boots;5;24
45;Danske Treshoe;6;21
17;TieBreak Tennis shoes;6;7
17;TieBreak Tennis shoes;6;7
17;TieBreak Tennis shoes;6;7
29;Davenport;6;12
45;Danske Treshoe;6;21
29;Davenport;6;12
29;Davenport;6;12
29;Davenport;6;12
14;Kool Sunglasses;7;6
28;RDL Suit;7;12
74;Nikee Running Shoes;7;4
28;RDL Suit;7;12
74;Nikee Running Shoes;7;4
7;Conserve Shoes;7;3
7;Conserve Shoes;7;3
36;Mehmet-Tröja;8;17
41;Duck Shirt;8;19
37;Mehmet-Skor;8;17
13;Aino Shoes;8;6
10;Sapporoo Gloves;8;4
10;Sapporoo Gloves;8;4
41;Duck Shirt;8;19
36;Mehmet-Tröja;8;17
18;Deuce shirt;8;7
10;Sapporoo Gloves;8;4
41;Duck Shirt;8;19
46;Rodbye Troje;8;21
30;Baby Dark Lounge Suit;8;13
46;Rodbye Troje;8;21
40;Duck Trousers;8;19
36;Mehmet-Tröja;8;17
30;Baby Dark Lounge Suit;8;13
10;Sapporoo Gloves;8;4
13;Aino Shoes;8;6
30;Baby Dark Lounge Suit;8;13
58;Ga-Ga Dress;8;27
40;Duck Trousers;8;19
13;Aino Shoes;8;6
24;Samba Socker  Socks;1;10
1;Lenin Jeansshorts;1;1
11;Desperado Jeans;1;5
71;Atles Lussekofta;1;15
4;Oyaki Kimono;2;2
6;Shagall Socks;2;3
77;Skirt;2;12
38;Le Baby Dress;2;18
62;Sheat Shoes;3;29
61;Adihash Running Shoe;3;29
59;Rasta WCT;3;28
16;Wimbledon T-Shirt;3;7
68;Cap;3;8
16;Wimbledon T-Shirt;3;7
60;Game Over T-Shirt;3;28
21;Basket Shoes;3;8
68;Cap;3;8
62;Sheat Shoes;3;29
12;Tiny Winy Hot Bikini;4;5
35;LA. Shorts;4;16
31;Rossi Bermuda Shorts;4;14
22;Ravellis Träskor;5;9
42;Balett Shoes;5;20
64;WFS shoes;5;12
64;WFS shoes;5;12
56;High Heels Shoes;5;26
56;High Heels Shoes;5;26
47;Lundenhagen Boots;6;22
17;TieBreak Tennis shoes;6;7
74;Nikee Running Shoes;7;4
10;Sapporoo Gloves;8;4
18;Deuce shirt;8;7
65;Stretch oui-pants;2;2
76;Minnki Pälsii;2;23
16;Wimbledon T-Shirt;3;7
62;Sheat Shoes;3;29
51;Snake Boots;6;24
29;Davenport;6;12
75;Bow tie;1;12
71;Atles Lussekofta;1;15
72;Rossi Shorts;4;14
75;Bow tie;1;12
70;US-Master Jeans;1;7
76;Minnki Pälsii;2;23
26;Bike Helmet;3;11
33;Car Boots;3;15
20;Tennis Suit;3;8
27;Tracksuit;3;11
52;Small Crocodile Boots;5;24
17;TieBreak Tennis shoes;6;7
7;Conserve Shoes;7;3
41;Duck Shirt;8;19
1;Lenin Jeansshorts;1;1
69;Racing Truck  Socks;3;15
21;Basket Shoes;3;8
34;Baywatch Bikkini;4;16
42;Balett Shoes;5;20
52;Small Crocodile Boots;5;24
17;TieBreak Tennis shoes;6;7
10;Sapporoo Gloves;8;4
41;Duck Shirt;8;19
75;Bow tie;1;12
15;Sumi Underwear;2;6
54;Patamonia Fleece Jacket;3;25
30;Baby Dark Lounge Suit;8;13
18;Deuce shirt;8;7
1;Lenin Jeansshorts;1;1
53;Jumpin Jack Flash Dress;2;24
67;X-Dress;2;16
76;Minnki Pälsii;2;23
59;Rasta WCT;3;28
68;Cap;3;8
68;Cap;3;8
62;Sheat Shoes;3;29
12;Tiny Winy Hot Bikini;4;5
56;High Heels Shoes;5;26
51;Snake Boots;6;24
28;RDL Suit;7;12
18;Deuce shirt;8;7
14;Kool Sunglasses;7;6
60;Game Over T-Shirt;3;28
16;Wimbledon T-Shirt;3;7
31;Rossi Bermuda Shorts;4;14
2;Mr X Trousers;1;1
11;Desperado Jeans;1;5
67;X-Dress;2;16
20;Tennis Suit;3;8
35;LA. Shorts;4;16
72;Rossi Shorts;4;14
31;Rossi Bermuda Shorts;4;14
42;Balett Shoes;5;20
75;Bow tie;1;12
24;Samba Socker  Socks;1;10
24;Samba Socker  Socks;1;10
75;Bow tie;1;12
1;Lenin Jeansshorts;1;1
11;Desperado Jeans;1;5
24;Samba Socker  Socks;1;10
5;O-Man Underwear;1;2
71;Atles Lussekofta;1;15
71;Atles Lussekofta;1;15
2;Mr X Trousers;1;1
8;Tuxedo;2;3
63;Serve-Shirt;2;7
38;Le Baby Dress;2;18
53;Jumpin Jack Flash Dress;2;24
76;Minnki Pälsii;2;23
76;Minnki Pälsii;2;23
76;Minnki Pälsii;2;23
59;Rasta WCT;3;28
16;Wimbledon T-Shirt;3;7
54;Patamonia Fleece Jacket;3;25
68;Cap;3;8
19;Squash Shorts;3;8
26;Bike Helmet;3;11
54;Patamonia Fleece Jacket;3;25
62;Sheat Shoes;3;29
21;Basket Shoes;3;8
68;Cap;3;8
33;Car Boots;3;15
59;Rasta WCT;3;28
62;Sheat Shoes;3;29
26;Bike Helmet;3;11
54;Patamonia Fleece Jacket;3;25
62;Sheat Shoes;3;29
62;Sheat Shoes;3;29
34;Baywatch Bikkini;4;16
35;LA. Shorts;4;16
34;Baywatch Bikkini;4;16
35;LA. Shorts;4;16
12;Tiny Winy Hot Bikini;4;5
32;Rossi Bikkini;4;14
12;Tiny Winy Hot Bikini;4;5
22;Ravellis Träskor;5;9
52;Small Crocodile Boots;5;24
42;Balett Shoes;5;20
56;High Heels Shoes;5;26
56;High Heels Shoes;5;26
52;Small Crocodile Boots;5;24
48;Root Boot;6;22
47;Lundenhagen Boots;6;22
47;Lundenhagen Boots;6;22
51;Snake Boots;6;24
51;Snake Boots;6;24
51;Snake Boots;6;24
51;Snake Boots;6;24
51;Snake Boots;6;24
29;Davenport;6;12
14;Kool Sunglasses;7;6
14;Kool Sunglasses;7;6
7;Conserve Shoes;7;3
73;Mehmet-Napp;8;17
37;Mehmet-Skor;8;17
37;Mehmet-Skor;8;17
41;Duck Shirt;8;19
40;Duck Trousers;8;19
46;Rodbye Troje;8;21
40;Duck Trousers;8;19
41;Duck Shirt;8;19
13;Aino Shoes;8;6
40;Duck Trousers;8;19
18;Deuce shirt;8;7
18;Deuce shirt;8;7
44;Okkaba Skin Jackets;2;20
55;Feiss Fleece Trousers;3;25
35;LA. Shorts;4;16
28;RDL Suit;7;12
75;Bow tie;1;12
2;Mr X Trousers;1;1
2;Mr X Trousers;1;1
44;Okkaba Skin Jackets;2;20
77;Skirt;2;12
63;Serve-Shirt;2;7
53;Jumpin Jack Flash Dress;2;24
4;Oyaki Kimono;2;2
8;Tuxedo;2;3
38;Le Baby Dress;2;18
16;Wimbledon T-Shirt;3;7
69;Racing Truck  Socks;3;15
62;Sheat Shoes;3;29
21;Basket Shoes;3;8
59;Rasta WCT;3;28
16;Wimbledon T-Shirt;3;7
21;Basket Shoes;3;8
19;Squash Shorts;3;8
26;Bike Helmet;3;11
61;Adihash Running Shoe;3;29
33;Car Boots;3;15
62;Sheat Shoes;3;29
33;Car Boots;3;15
54;Patamonia Fleece Jacket;3;25
35;LA. Shorts;4;16
72;Rossi Shorts;4;14
34;Baywatch Bikkini;4;16
34;Baywatch Bikkini;4;16
56;High Heels Shoes;5;26
56;High Heels Shoes;5;26
9;Fuji Boots;6;4
45;Danske Treshoe;6;21
17;TieBreak Tennis shoes;6;7
17;TieBreak Tennis shoes;6;7
28;RDL Suit;7;12
73;Mehmet-Napp;8;17
46;Rodbye Troje;8;21
36;Mehmet-Tröja;8;17
18;Deuce shirt;8;7
58;Ga-Ga Dress;8;27
24;Samba Socker  Socks;1;10
24;Samba Socker  Socks;1;10
75;Bow tie;1;12
70;US-Master Jeans;1;7
75;Bow tie;1;12
1;Lenin Jeansshorts;1;1
1;Lenin Jeansshorts;1;1
71;Atles Lussekofta;1;15
77;Skirt;2;12
65;Stretch oui-pants;2;2
65;Stretch oui-pants;2;2
66;Langoste Shirt;2;2
77;Skirt;2;12
8;Tuxedo;2;3
65;Stretch oui-pants;2;2
63;Serve-Shirt;2;7
39;Terence Top;2;18
4;Oyaki Kimono;2;2
39;Terence Top;2;18
53;Jumpin Jack Flash Dress;2;24
69;Racing Truck  Socks;3;15
69;Racing Truck  Socks;3;15
69;Racing Truck  Socks;3;15
62;Sheat Shoes;3;29
19;Squash Shorts;3;8
60;Game Over T-Shirt;3;28
16;Wimbledon T-Shirt;3;7
50;Finnish Swimsuit;3;23
62;Sheat Shoes;3;29
62;Sheat Shoes;3;29
33;Car Boots;3;15
21;Basket Shoes;3;8
62;Sheat Shoes;3;29
55;Feiss Fleece Trousers;3;25
27;Tracksuit;3;11
20;Tennis Suit;3;8
31;Rossi Bermuda Shorts;4;14
34;Baywatch Bikkini;4;16
23;DSW;5;9
64;WFS shoes;5;12
52;Small Crocodile Boots;5;24
42;Balett Shoes;5;20
56;High Heels Shoes;5;26
52;Small Crocodile Boots;5;24
56;High Heels Shoes;5;26
56;High Heels Shoes;5;26
47;Lundenhagen Boots;6;22
51;Snake Boots;6;24
28;RDL Suit;7;12
7;Conserve Shoes;7;3
40;Duck Trousers;8;19
18;Deuce shirt;8;7
13;Aino Shoes;8;6
36;Mehmet-Tröja;8;17
30;Baby Dark Lounge Suit;8;13
13;Aino Shoes;8;6
58;Ga-Ga Dress;8;27
24;Samba Socker  Socks;1;10
2;Mr X Trousers;1;1
24;Samba Socker  Socks;1;10
70;US-Master Jeans;1;7
75;Bow tie;1;12
71;Atles Lussekofta;1;15
1;Lenin Jeansshorts;1;1
77;Skirt;2;12
65;Stretch oui-pants;2;2
38;Le Baby Dress;2;18
44;Okkaba Skin Jackets;2;20
25;Basket Vest;3;11
25;Basket Vest;3;11
60;Game Over T-Shirt;3;28
16;Wimbledon T-Shirt;3;7
59;Rasta WCT;3;28
62;Sheat Shoes;3;29
16;Wimbledon T-Shirt;3;7
55;Feiss Fleece Trousers;3;25
35;LA. Shorts;4;16
31;Rossi Bermuda Shorts;4;14
31;Rossi Bermuda Shorts;4;14
31;Rossi Bermuda Shorts;4;14
72;Rossi Shorts;4;14
22;Ravellis Träskor;5;9
23;DSW;5;9
22;Ravellis Träskor;5;9
57;Burned Rubber Shoes;5;26
52;Small Crocodile Boots;5;24
57;Burned Rubber Shoes;5;26
42;Balett Shoes;5;20
64;WFS shoes;5;12
64;WFS shoes;5;12
17;TieBreak Tennis shoes;6;7
41;Duck Shirt;8;19
36;Mehmet-Tröja;8;17
13;Aino Shoes;8;6
46;Rodbye Troje;8;21
41;Duck Shirt;8;19
13;Aino Shoes;8;6
13;Aino Shoes;8;6
71;Atles Lussekofta;1;15
11;Desperado Jeans;1;5
24;Samba Socker  Socks;1;10
2;Mr X Trousers;1;1
1;Lenin Jeansshorts;1;1
71;Atles Lussekofta;1;15
71;Atles Lussekofta;1;15
11;Desperado Jeans;1;5
24;Samba Socker  Socks;1;10
1;Lenin Jeansshorts;1;1
70;US-Master Jeans;1;7
71;Atles Lussekofta;1;15
2;Mr X Trousers;1;1
1;Lenin Jeansshorts;1;1
70;US-Master Jeans;1;7
65;Stretch oui-pants;2;2
15;Sumi Underwear;2;6
65;Stretch oui-pants;2;2
53;Jumpin Jack Flash Dress;2;24
38;Le Baby Dress;2;18
63;Serve-Shirt;2;7
38;Le Baby Dress;2;18
39;Terence Top;2;18
44;Okkaba Skin Jackets;2;20
38;Le Baby Dress;2;18
76;Minnki Pälsii;2;23
19;Squash Shorts;3;8
69;Racing Truck  Socks;3;15
59;Rasta WCT;3;28
68;Cap;3;8
60;Game Over T-Shirt;3;28
16;Wimbledon T-Shirt;3;7
21;Basket Shoes;3;8
60;Game Over T-Shirt;3;28
62;Sheat Shoes;3;29
19;Squash Shorts;3;8
33;Car Boots;3;15
21;Basket Shoes;3;8
21;Basket Shoes;3;8
59;Rasta WCT;3;28
62;Sheat Shoes;3;29
68;Cap;3;8
19;Squash Shorts;3;8
33;Car Boots;3;15
19;Squash Shorts;3;8
50;Finnish Swimsuit;3;23
61;Adihash Running Shoe;3;29
21;Basket Shoes;3;8
33;Car Boots;3;15
16;Wimbledon T-Shirt;3;7
62;Sheat Shoes;3;29
26;Bike Helmet;3;11
62;Sheat Shoes;3;29
68;Cap;3;8
62;Sheat Shoes;3;29
27;Tracksuit;3;11
27;Tracksuit;3;11
27;Tracksuit;3;11
35;LA. Shorts;4;16
35;LA. Shorts;4;16
31;Rossi Bermuda Shorts;4;14
72;Rossi Shorts;4;14
31;Rossi Bermuda Shorts;4;14
43;Summer Shorts;4;20
35;LA. Shorts;4;16
43;Summer Shorts;4;20
72;Rossi Shorts;4;14
31;Rossi Bermuda Shorts;4;14
12;Tiny Winy Hot Bikini;4;5
43;Summer Shorts;4;20
35;LA. Shorts;4;16
72;Rossi Shorts;4;14
12;Tiny Winy Hot Bikini;4;5
31;Rossi Bermuda Shorts;4;14
43;Summer Shorts;4;20
31;Rossi Bermuda Shorts;4;14
72;Rossi Shorts;4;14
32;Rossi Bikkini;4;14
64;WFS shoes;5;12
57;Burned Rubber Shoes;5;26
23;DSW;5;9
56;High Heels Shoes;5;26
56;High Heels Shoes;5;26
56;High Heels Shoes;5;26
64;WFS shoes;5;12
56;High Heels Shoes;5;26
64;WFS shoes;5;12
56;High Heels Shoes;5;26
52;Small Crocodile Boots;5;24
64;WFS shoes;5;12
47;Lundenhagen Boots;6;22
47;Lundenhagen Boots;6;22
29;Davenport;6;12
17;TieBreak Tennis shoes;6;7
47;Lundenhagen Boots;6;22
17;TieBreak Tennis shoes;6;7
17;TieBreak Tennis shoes;6;7
47;Lundenhagen Boots;6;22
17;TieBreak Tennis shoes;6;7
14;Kool Sunglasses;7;6
28;RDL Suit;7;12
74;Nikee Running Shoes;7;4
7;Conserve Shoes;7;3
28;RDL Suit;7;12
28;RDL Suit;7;12
7;Conserve Shoes;7;3
7;Conserve Shoes;7;3
18;Deuce shirt;8;7
41;Duck Shirt;8;19
36;Mehmet-Tröja;8;17
41;Duck Shirt;8;19
46;Rodbye Troje;8;21
36;Mehmet-Tröja;8;17
41;Duck Shirt;8;19
46;Rodbye Troje;8;21
18;Deuce shirt;8;7
58;Ga-Ga Dress;8;27
46;Rodbye Troje;8;21
18;Deuce shirt;8;7
13;Aino Shoes;8;6
40;Duck Trousers;8;19
40;Duck Trousers;8;19
57;Burned Rubber Shoes;5;26
13;Aino Shoes;8;6
5;O-Man Underwear;1;2
20;Tennis Suit;3;8
72;Rossi Shorts;4;14
31;Rossi Bermuda Shorts;4;14
56;High Heels Shoes;5;26
56;High Heels Shoes;5;26
7;Conserve Shoes;7;3
1;Lenin Jeansshorts;1;1
70;US-Master Jeans;1;7
2;Mr X Trousers;1;1
69;Racing Truck  Socks;3;15
69;Racing Truck  Socks;3;15
55;Feiss Fleece Trousers;3;25
33;Car Boots;3;15
55;Feiss Fleece Trousers;3;25
31;Rossi Bermuda Shorts;4;14
31;Rossi Bermuda Shorts;4;14
23;DSW;5;9
64;WFS shoes;5;12
2;Mr X Trousers;1;1
71;Atles Lussekofta;1;15
70;US-Master Jeans;1;7
66;Langoste Shirt;2;2
4;Oyaki Kimono;2;2
62;Sheat Shoes;3;29
55;Feiss Fleece Trousers;3;25
59;Rasta WCT;3;28
61;Adihash Running Shoe;3;29
55;Feiss Fleece Trousers;3;25
31;Rossi Bermuda Shorts;4;14
72;Rossi Shorts;4;14
22;Ravellis Träskor;5;9
23;DSW;5;9
7;Conserve Shoes;7;3
73;Mehmet-Napp;8;17
73;Mehmet-Napp;8;17
46;Rodbye Troje;8;21
24;Samba Socker  Socks;1;10
1;Lenin Jeansshorts;1;1
11;Desperado Jeans;1;5
75;Bow tie;1;12
71;Atles Lussekofta;1;15
70;US-Master Jeans;1;7
4;Oyaki Kimono;2;2
77;Skirt;2;12
8;Tuxedo;2;3
4;Oyaki Kimono;2;2
38;Le Baby Dress;2;18
76;Minnki Pälsii;2;23
19;Squash Shorts;3;8
60;Game Over T-Shirt;3;28
21;Basket Shoes;3;8
60;Game Over T-Shirt;3;28
50;Finnish Swimsuit;3;23
55;Feiss Fleece Trousers;3;25
26;Bike Helmet;3;11
54;Patamonia Fleece Jacket;3;25
49;Finnish Sport Blades;3;23
33;Car Boots;3;15
26;Bike Helmet;3;11
20;Tennis Suit;3;8
31;Rossi Bermuda Shorts;4;14
35;LA. Shorts;4;16
43;Summer Shorts;4;20
72;Rossi Shorts;4;14
52;Small Crocodile Boots;5;24
56;High Heels Shoes;5;26
48;Root Boot;6;22
28;RDL Suit;7;12
28;RDL Suit;7;12
40;Duck Trousers;8;19
36;Mehmet-Tröja;8;17
40;Duck Trousers;8;19
30;Baby Dark Lounge Suit;8;13
30;Baby Dark Lounge Suit;8;13
40;Duck Trousers;8;19
58;Ga-Ga Dress;8;27
75;Bow tie;1;12
2;Mr X Trousers;1;1
6;Shagall Socks;2;3
8;Tuxedo;2;3
76;Minnki Pälsii;2;23
60;Game Over T-Shirt;3;28
59;Rasta WCT;3;28
12;Tiny Winy Hot Bikini;4;5
31;Rossi Bermuda Shorts;4;14
42;Balett Shoes;5;20
42;Balett Shoes;5;20
56;High Heels Shoes;5;26
47;Lundenhagen Boots;6;22
51;Snake Boots;6;24
7;Conserve Shoes;7;3
41;Duck Shirt;8;19
30;Baby Dark Lounge Suit;8;13
10;Sapporoo Gloves;8;4
30;Baby Dark Lounge Suit;8;13
70;US-Master Jeans;1;7
19;Squash Shorts;3;8
60;Game Over T-Shirt;3;28
16;Wimbledon T-Shirt;3;7
16;Wimbledon T-Shirt;3;7
49;Finnish Sport Blades;3;23
34;Baywatch Bikkini;4;16
46;Rodbye Troje;8;21
18;Deuce shirt;8;7
49;Finnish Sport Blades;3;23
21;Basket Shoes;3;8
61;Adihash Running Shoe;3;29
51;Snake Boots;6;24
46;Rodbye Troje;8;21
11;Desperado Jeans;1;5
56;High Heels Shoes;5;26
46;Rodbye Troje;8;21
46;Rodbye Troje;8;21
6;Shagall Socks;2;3
4;Oyaki Kimono;2;2
39;Terence Top;2;18
60;Game Over T-Shirt;3;28
62;Sheat Shoes;3;29
68;Cap;3;8
55;Feiss Fleece Trousers;3;25
20;Tennis Suit;3;8
31;Rossi Bermuda Shorts;4;14
72;Rossi Shorts;4;14
29;Davenport;6;12
30;Baby Dark Lounge Suit;8;13
58;Ga-Ga Dress;8;27
24;Samba Socker  Socks;1;10
24;Samba Socker  Socks;1;10
75;Bow tie;1;12
71;Atles Lussekofta;1;15
1;Lenin Jeansshorts;1;1
70;US-Master Jeans;1;7
70;US-Master Jeans;1;7
2;Mr X Trousers;1;1
11;Desperado Jeans;1;5
11;Desperado Jeans;1;5
2;Mr X Trousers;1;1
70;US-Master Jeans;1;7
71;Atles Lussekofta;1;15
1;Lenin Jeansshorts;1;1
71;Atles Lussekofta;1;15
65;Stretch oui-pants;2;2
63;Serve-Shirt;2;7
65;Stretch oui-pants;2;2
63;Serve-Shirt;2;7
44;Okkaba Skin Jackets;2;20
39;Terence Top;2;18
38;Le Baby Dress;2;18
39;Terence Top;2;18
39;Terence Top;2;18
44;Okkaba Skin Jackets;2;20
44;Okkaba Skin Jackets;2;20
39;Terence Top;2;18
53;Jumpin Jack Flash Dress;2;24
76;Minnki Pälsii;2;23
19;Squash Shorts;3;8
59;Rasta WCT;3;28
59;Rasta WCT;3;28
19;Squash Shorts;3;8
16;Wimbledon T-Shirt;3;7
60;Game Over T-Shirt;3;28
68;Cap;3;8
68;Cap;3;8
54;Patamonia Fleece Jacket;3;25
49;Finnish Sport Blades;3;23
61;Adihash Running Shoe;3;29
33;Car Boots;3;15
55;Feiss Fleece Trousers;3;25
31;Rossi Bermuda Shorts;4;14
43;Summer Shorts;4;20
43;Summer Shorts;4;20
31;Rossi Bermuda Shorts;4;14
56;High Heels Shoes;5;26
57;Burned Rubber Shoes;5;26
52;Small Crocodile Boots;5;24
56;High Heels Shoes;5;26
17;TieBreak Tennis shoes;6;7
17;TieBreak Tennis shoes;6;7
17;TieBreak Tennis shoes;6;7
45;Danske Treshoe;6;21
17;TieBreak Tennis shoes;6;7
47;Lundenhagen Boots;6;22
29;Davenport;6;12
51;Snake Boots;6;24
29;Davenport;6;12
29;Davenport;6;12
28;RDL Suit;7;12
7;Conserve Shoes;7;3
10;Sapporoo Gloves;8;4
10;Sapporoo Gloves;8;4
37;Mehmet-Skor;8;17
13;Aino Shoes;8;6
18;Deuce shirt;8;7
41;Duck Shirt;8;19
18;Deuce shirt;8;7
58;Ga-Ga Dress;8;27
11;Desperado Jeans;1;5
70;US-Master Jeans;1;7
69;Racing Truck  Socks;3;15
60;Game Over T-Shirt;3;28
19;Squash Shorts;3;8
72;Rossi Shorts;4;14
32;Rossi Bikkini;4;14
42;Balett Shoes;5;20
14;Kool Sunglasses;7;6
13;Aino Shoes;8;6
1;Lenin Jeansshorts;1;1
2;Mr X Trousers;1;1
70;US-Master Jeans;1;7
1;Lenin Jeansshorts;1;1
70;US-Master Jeans;1;7
65;Stretch oui-pants;2;2
3;Chantell Shirt;2;1
39;Terence Top;2;18
3;Chantell Shirt;2;1
19;Squash Shorts;3;8
25;Basket Vest;3;11
19;Squash Shorts;3;8
60;Game Over T-Shirt;3;28
16;Wimbledon T-Shirt;3;7
21;Basket Shoes;3;8
16;Wimbledon T-Shirt;3;7
25;Basket Vest;3;11
50;Finnish Swimsuit;3;23
55;Feiss Fleece Trousers;3;25
49;Finnish Sport Blades;3;23
35;LA. Shorts;4;16
35;LA. Shorts;4;16
31;Rossi Bermuda Shorts;4;14
72;Rossi Shorts;4;14
23;DSW;5;9
57;Burned Rubber Shoes;5;26
45;Danske Treshoe;6;21
45;Danske Treshoe;6;21
28;RDL Suit;7;12
41;Duck Shirt;8;19
36;Mehmet-Tröja;8;17
40;Duck Trousers;8;19
40;Duck Trousers;8;19
18;Deuce shirt;8;7
58;Ga-Ga Dress;8;27
24;Samba Socker  Socks;1;10
75;Bow tie;1;12
24;Samba Socker  Socks;1;10
75;Bow tie;1;12
75;Bow tie;1;12
71;Atles Lussekofta;1;15
2;Mr X Trousers;1;1
1;Lenin Jeansshorts;1;1
71;Atles Lussekofta;1;15
63;Serve-Shirt;2;7
4;Oyaki Kimono;2;2
39;Terence Top;2;18
3;Chantell Shirt;2;1
53;Jumpin Jack Flash Dress;2;24
39;Terence Top;2;18
38;Le Baby Dress;2;18
44;Okkaba Skin Jackets;2;20
76;Minnki Pälsii;2;23
60;Game Over T-Shirt;3;28
60;Game Over T-Shirt;3;28
16;Wimbledon T-Shirt;3;7
59;Rasta WCT;3;28
54;Patamonia Fleece Jacket;3;25
19;Squash Shorts;3;8
49;Finnish Sport Blades;3;23
26;Bike Helmet;3;11
54;Patamonia Fleece Jacket;3;25
54;Patamonia Fleece Jacket;3;25
55;Feiss Fleece Trousers;3;25
26;Bike Helmet;3;11
20;Tennis Suit;3;8
35;LA. Shorts;4;16
32;Rossi Bikkini;4;14
43;Summer Shorts;4;20
52;Small Crocodile Boots;5;24
17;TieBreak Tennis shoes;6;7
47;Lundenhagen Boots;6;22
47;Lundenhagen Boots;6;22
29;Davenport;6;12
14;Kool Sunglasses;7;6
28;RDL Suit;7;12
28;RDL Suit;7;12
10;Sapporoo Gloves;8;4
73;Mehmet-Napp;8;17
41;Duck Shirt;8;19
10;Sapporoo Gloves;8;4
13;Aino Shoes;8;6
30;Baby Dark Lounge Suit;8;13
41;Duck Shirt;8;19
40;Duck Trousers;8;19
40;Duck Trousers;8;19
30;Baby Dark Lounge Suit;8;13
5;O-Man Underwear;1;2
2;Mr X Trousers;1;1
72;Rossi Shorts;4;14
22;Ravellis Träskor;5;9
23;DSW;5;9
9;Fuji Boots;6;4
13;Aino Shoes;8;6
24;Samba Socker  Socks;1;10
75;Bow tie;1;12
24;Samba Socker  Socks;1;10
75;Bow tie;1;12
2;Mr X Trousers;1;1
71;Atles Lussekofta;1;15
71;Atles Lussekofta;1;15
77;Skirt;2;12
53;Jumpin Jack Flash Dress;2;24
67;X-Dress;2;16
76;Minnki Pälsii;2;23
69;Racing Truck  Socks;3;15
60;Game Over T-Shirt;3;28
19;Squash Shorts;3;8
60;Game Over T-Shirt;3;28
21;Basket Shoes;3;8
59;Rasta WCT;3;28
16;Wimbledon T-Shirt;3;7
21;Basket Shoes;3;8
62;Sheat Shoes;3;29
54;Patamonia Fleece Jacket;3;25
19;Squash Shorts;3;8
21;Basket Shoes;3;8
59;Rasta WCT;3;28
26;Bike Helmet;3;11
54;Patamonia Fleece Jacket;3;25
55;Feiss Fleece Trousers;3;25
35;LA. Shorts;4;16
72;Rossi Shorts;4;14
72;Rossi Shorts;4;14
31;Rossi Bermuda Shorts;4;14
23;DSW;5;9
23;DSW;5;9
23;DSW;5;9
64;WFS shoes;5;12
29;Davenport;6;12
14;Kool Sunglasses;7;6
14;Kool Sunglasses;7;6
73;Mehmet-Napp;8;17
73;Mehmet-Napp;8;17
37;Mehmet-Skor;8;17
36;Mehmet-Tröja;8;17
41;Duck Shirt;8;19
36;Mehmet-Tröja;8;17
30;Baby Dark Lounge Suit;8;13
46;Rodbye Troje;8;21
40;Duck Trousers;8;19
58;Ga-Ga Dress;8;27
24;Samba Socker  Socks;1;10
1;Lenin Jeansshorts;1;1
2;Mr X Trousers;1;1
70;US-Master Jeans;1;7
70;US-Master Jeans;1;7
77;Skirt;2;12
4;Oyaki Kimono;2;2
60;Game Over T-Shirt;3;28
54;Patamonia Fleece Jacket;3;25
33;Car Boots;3;15
20;Tennis Suit;3;8
35;LA. Shorts;4;16
42;Balett Shoes;5;20
42;Balett Shoes;5;20
74;Nikee Running Shoes;7;4
75;Bow tie;1;12
4;Oyaki Kimono;2;2
57;Burned Rubber Shoes;5;26
52;Small Crocodile Boots;5;24
17;TieBreak Tennis shoes;6;7
29;Davenport;6;12
2;Mr X Trousers;1;1
3;Chantell Shirt;2;1
3;Chantell Shirt;2;1
75;Bow tie;1;12
2;Mr X Trousers;1;1
11;Desperado Jeans;1;5
11;Desperado Jeans;1;5
66;Langoste Shirt;2;2
53;Jumpin Jack Flash Dress;2;24
59;Rasta WCT;3;28
33;Car Boots;3;15
33;Car Boots;3;15
26;Bike Helmet;3;11
43;Summer Shorts;4;20
34;Baywatch Bikkini;4;16
57;Burned Rubber Shoes;5;26
42;Balett Shoes;5;20
17;TieBreak Tennis shoes;6;7
48;Root Boot;6;22
40;Duck Trousers;8;19
75;Bow tie;1;12
24;Samba Socker  Socks;1;10
1;Lenin Jeansshorts;1;1
11;Desperado Jeans;1;5
53;Jumpin Jack Flash Dress;2;24
67;X-Dress;2;16
60;Game Over T-Shirt;3;28
52;Small Crocodile Boots;5;24
45;Danske Treshoe;6;21
29;Davenport;6;12
51;Snake Boots;6;24
14;Kool Sunglasses;7;6
28;RDL Suit;7;12
40;Duck Trousers;8;19
24;Samba Socker  Socks;1;10
24;Samba Socker  Socks;1;10
24;Samba Socker  Socks;1;10
11;Desperado Jeans;1;5
75;Bow tie;1;12
75;Bow tie;1;12
70;US-Master Jeans;1;7
75;Bow tie;1;12
1;Lenin Jeansshorts;1;1
2;Mr X Trousers;1;1
71;Atles Lussekofta;1;15
77;Skirt;2;12
39;Terence Top;2;18
44;Okkaba Skin Jackets;2;20
53;Jumpin Jack Flash Dress;2;24
69;Racing Truck  Socks;3;15
69;Racing Truck  Socks;3;15
69;Racing Truck  Socks;3;15
55;Feiss Fleece Trousers;3;25
25;Basket Vest;3;11
59;Rasta WCT;3;28
68;Cap;3;8
59;Rasta WCT;3;28
26;Bike Helmet;3;11
27;Tracksuit;3;11
32;Rossi Bikkini;4;14
31;Rossi Bermuda Shorts;4;14
35;LA. Shorts;4;16
64;WFS shoes;5;12
57;Burned Rubber Shoes;5;26
42;Balett Shoes;5;20
64;WFS shoes;5;12
51;Snake Boots;6;24
51;Snake Boots;6;24
74;Nikee Running Shoes;7;4
28;RDL Suit;7;12
40;Duck Trousers;8;19
13;Aino Shoes;8;6
41;Duck Shirt;8;19
41;Duck Shirt;8;19
46;Rodbye Troje;8;21
58;Ga-Ga Dress;8;27
30;Baby Dark Lounge Suit;8;13
40;Duck Trousers;8;19
13;Aino Shoes;8;6
11;Desperado Jeans;1;5
11;Desperado Jeans;1;5
70;US-Master Jeans;1;7
15;Sumi Underwear;2;6
77;Skirt;2;12
77;Skirt;2;12
39;Terence Top;2;18
69;Racing Truck  Socks;3;15
60;Game Over T-Shirt;3;28
19;Squash Shorts;3;8
60;Game Over T-Shirt;3;28
16;Wimbledon T-Shirt;3;7
59;Rasta WCT;3;28
21;Basket Shoes;3;8
49;Finnish Sport Blades;3;23
26;Bike Helmet;3;11
54;Patamonia Fleece Jacket;3;25
26;Bike Helmet;3;11
55;Feiss Fleece Trousers;3;25
72;Rossi Shorts;4;14
72;Rossi Shorts;4;14
12;Tiny Winy Hot Bikini;4;5
32;Rossi Bikkini;4;14
57;Burned Rubber Shoes;5;26
23;DSW;5;9
52;Small Crocodile Boots;5;24
74;Nikee Running Shoes;7;4
7;Conserve Shoes;7;3
28;RDL Suit;7;12
30;Baby Dark Lounge Suit;8;13
10;Sapporoo Gloves;8;4
46;Rodbye Troje;8;21
13;Aino Shoes;8;6
30;Baby Dark Lounge Suit;8;13
62;Sheat Shoes;3;29
13;Aino Shoes;8;6
21;Basket Shoes;3;8
37;Mehmet-Skor;8;17
18;Deuce shirt;8;7
1;Lenin Jeansshorts;1;1
4;Oyaki Kimono;2;2
8;Tuxedo;2;3
39;Terence Top;2;18
21;Basket Shoes;3;8
21;Basket Shoes;3;8
42;Balett Shoes;5;20
56;High Heels Shoes;5;26
29;Davenport;6;12
51;Snake Boots;6;24
59;Rasta WCT;3;28
62;Sheat Shoes;3;29
35;LA. Shorts;4;16
57;Burned Rubber Shoes;5;26
56;High Heels Shoes;5;26
7;Conserve Shoes;7;3
24;Samba Socker  Socks;1;10
70;US-Master Jeans;1;7
1;Lenin Jeansshorts;1;1
2;Mr X Trousers;1;1
65;Stretch oui-pants;2;2
65;Stretch oui-pants;2;2
67;X-Dress;2;16
60;Game Over T-Shirt;3;28
21;Basket Shoes;3;8
19;Squash Shorts;3;8
50;Finnish Swimsuit;3;23
55;Feiss Fleece Trousers;3;25
68;Cap;3;8
68;Cap;3;8
61;Adihash Running Shoe;3;29
55;Feiss Fleece Trousers;3;25
62;Sheat Shoes;3;29
64;WFS shoes;5;12
64;WFS shoes;5;12
17;TieBreak Tennis shoes;6;7
17;TieBreak Tennis shoes;6;7
29;Davenport;6;12
51;Snake Boots;6;24
36;Mehmet-Tröja;8;17
40;Duck Trousers;8;19
21;Basket Shoes;3;8
61;Adihash Running Shoe;3;29
60;Game Over T-Shirt;3;28
21;Basket Shoes;3;8
54;Patamonia Fleece Jacket;3;25
47;Lundenhagen Boots;6;22
51;Snake Boots;6;24
28;RDL Suit;7;12
18;Deuce shirt;8;7
2;Mr X Trousers;1;1
71;Atles Lussekofta;1;15
70;US-Master Jeans;1;7
8;Tuxedo;2;3
62;Sheat Shoes;3;29
60;Game Over T-Shirt;3;28
33;Car Boots;3;15
35;LA. Shorts;4;16
72;Rossi Shorts;4;14
34;Baywatch Bikkini;4;16
13;Aino Shoes;8;6
3;Chantell Shirt;2;1
63;Serve-Shirt;2;7
54;Patamonia Fleece Jacket;3;25
35;LA. Shorts;4;16
34;Baywatch Bikkini;4;16
7;Conserve Shoes;7;3
28;RDL Suit;7;12
10;Sapporoo Gloves;8;4
75;Bow tie;1;12
24;Samba Socker  Socks;1;10
24;Samba Socker  Socks;1;10
70;US-Master Jeans;1;7
11;Desperado Jeans;1;5
71;Atles Lussekofta;1;15
11;Desperado Jeans;1;5
65;Stretch oui-pants;2;2
38;Le Baby Dress;2;18
63;Serve-Shirt;2;7
53;Jumpin Jack Flash Dress;2;24
44;Okkaba Skin Jackets;2;20
38;Le Baby Dress;2;18
76;Minnki Pälsii;2;23
69;Racing Truck  Socks;3;15
69;Racing Truck  Socks;3;15
60;Game Over T-Shirt;3;28
69;Racing Truck  Socks;3;15
61;Adihash Running Shoe;3;29
21;Basket Shoes;3;8
54;Patamonia Fleece Jacket;3;25
16;Wimbledon T-Shirt;3;7
49;Finnish Sport Blades;3;23
26;Bike Helmet;3;11
20;Tennis Suit;3;8
61;Adihash Running Shoe;3;29
54;Patamonia Fleece Jacket;3;25
31;Rossi Bermuda Shorts;4;14
43;Summer Shorts;4;20
31;Rossi Bermuda Shorts;4;14
32;Rossi Bikkini;4;14
31;Rossi Bermuda Shorts;4;14
22;Ravellis Träskor;5;9
22;Ravellis Träskor;5;9
22;Ravellis Träskor;5;9
57;Burned Rubber Shoes;5;26
42;Balett Shoes;5;20
57;Burned Rubber Shoes;5;26
64;WFS shoes;5;12
56;High Heels Shoes;5;26
51;Snake Boots;6;24
17;TieBreak Tennis shoes;6;7
47;Lundenhagen Boots;6;22
17;TieBreak Tennis shoes;6;7
17;TieBreak Tennis shoes;6;7
14;Kool Sunglasses;7;6
73;Mehmet-Napp;8;17
40;Duck Trousers;8;19
36;Mehmet-Tröja;8;17
40;Duck Trousers;8;19
41;Duck Shirt;8;19
18;Deuce shirt;8;7
24;Samba Socker  Socks;1;10
53;Jumpin Jack Flash Dress;2;24
19;Squash Shorts;3;8
68;Cap;3;8
60;Game Over T-Shirt;3;28
54;Patamonia Fleece Jacket;3;25
35;LA. Shorts;4;16
57;Burned Rubber Shoes;5;26
42;Balett Shoes;5;20
23;DSW;5;9
45;Danske Treshoe;6;21
30;Baby Dark Lounge Suit;8;13
30;Baby Dark Lounge Suit;8;13
30;Baby Dark Lounge Suit;8;13
2;Mr X Trousers;1;1
2;Mr X Trousers;1;1
65;Stretch oui-pants;2;2
76;Minnki Pälsii;2;23
59;Rasta WCT;3;28
16;Wimbledon T-Shirt;3;7
72;Rossi Shorts;4;14
31;Rossi Bermuda Shorts;4;14
57;Burned Rubber Shoes;5;26
51;Snake Boots;6;24
29;Davenport;6;12
73;Mehmet-Napp;8;17
36;Mehmet-Tröja;8;17
46;Rodbye Troje;8;21
58;Ga-Ga Dress;8;27
13;Aino Shoes;8;6
24;Samba Socker  Socks;1;10
33;Car Boots;3;15
62;Sheat Shoes;3;29
21;Basket Shoes;3;8
22;Ravellis Träskor;5;9
42;Balett Shoes;5;20
47;Lundenhagen Boots;6;22
9;Fuji Boots;6;4
51;Snake Boots;6;24
37;Mehmet-Skor;8;17
47;Lundenhagen Boots;6;22
24;Samba Socker  Socks;1;10
77;Skirt;2;12
65;Stretch oui-pants;2;2
44;Okkaba Skin Jackets;2;20
44;Okkaba Skin Jackets;2;20
60;Game Over T-Shirt;3;28
59;Rasta WCT;3;28
68;Cap;3;8
16;Wimbledon T-Shirt;3;7
54;Patamonia Fleece Jacket;3;25
35;LA. Shorts;4;16
19;Squash Shorts;3;8
61;Adihash Running Shoe;3;29
49;Finnish Sport Blades;3;23
71;Atles Lussekofta;1;15
71;Atles Lussekofta;1;15
63;Serve-Shirt;2;7
69;Racing Truck  Socks;3;15
16;Wimbledon T-Shirt;3;7
42;Balett Shoes;5;20
23;DSW;5;9
48;Root Boot;6;22
14;Kool Sunglasses;7;6
10;Sapporoo Gloves;8;4
13;Aino Shoes;8;6
5;O-Man Underwear;1;2
11;Desperado Jeans;1;5
77;Skirt;2;12
76;Minnki Pälsii;2;23
59;Rasta WCT;3;28
21;Basket Shoes;3;8
20;Tennis Suit;3;8
72;Rossi Shorts;4;14
7;Conserve Shoes;7;3
14;Kool Sunglasses;7;6
13;Aino Shoes;8;6
5;O-Man Underwear;1;2
11;Desperado Jeans;1;5
70;US-Master Jeans;1;7
71;Atles Lussekofta;1;15
77;Skirt;2;12
65;Stretch oui-pants;2;2
65;Stretch oui-pants;2;2
65;Stretch oui-pants;2;2
77;Skirt;2;12
63;Serve-Shirt;2;7
4;Oyaki Kimono;2;2
44;Okkaba Skin Jackets;2;20
53;Jumpin Jack Flash Dress;2;24
44;Okkaba Skin Jackets;2;20
76;Minnki Pälsii;2;23
76;Minnki Pälsii;2;23
69;Racing Truck  Socks;3;15
19;Squash Shorts;3;8
19;Squash Shorts;3;8
26;Bike Helmet;3;11
55;Feiss Fleece Trousers;3;25
54;Patamonia Fleece Jacket;3;25
49;Finnish Sport Blades;3;23
68;Cap;3;8
61;Adihash Running Shoe;3;29
34;Baywatch Bikkini;4;16
34;Baywatch Bikkini;4;16
35;LA. Shorts;4;16
34;Baywatch Bikkini;4;16
56;High Heels Shoes;5;26
57;Burned Rubber Shoes;5;26
56;High Heels Shoes;5;26
56;High Heels Shoes;5;26
56;High Heels Shoes;5;26
56;High Heels Shoes;5;26
52;Small Crocodile Boots;5;24
48;Root Boot;6;22
51;Snake Boots;6;24
51;Snake Boots;6;24
51;Snake Boots;6;24
14;Kool Sunglasses;7;6
36;Mehmet-Tröja;8;17
41;Duck Shirt;8;19
10;Sapporoo Gloves;8;4
40;Duck Trousers;8;19
58;Ga-Ga Dress;8;27
40;Duck Trousers;8;19
40;Duck Trousers;8;19
75;Bow tie;1;12
75;Bow tie;1;12
2;Mr X Trousers;1;1
11;Desperado Jeans;1;5
1;Lenin Jeansshorts;1;1
1;Lenin Jeansshorts;1;1
70;US-Master Jeans;1;7
6;Shagall Socks;2;3
63;Serve-Shirt;2;7
15;Sumi Underwear;2;6
77;Skirt;2;12
67;X-Dress;2;16
4;Oyaki Kimono;2;2
8;Tuxedo;2;3
3;Chantell Shirt;2;1
44;Okkaba Skin Jackets;2;20
76;Minnki Pälsii;2;23
76;Minnki Pälsii;2;23
76;Minnki Pälsii;2;23
76;Minnki Pälsii;2;23
69;Racing Truck  Socks;3;15
69;Racing Truck  Socks;3;15
68;Cap;3;8
60;Game Over T-Shirt;3;28
60;Game Over T-Shirt;3;28
59;Rasta WCT;3;28
54;Patamonia Fleece Jacket;3;25
26;Bike Helmet;3;11
60;Game Over T-Shirt;3;28
59;Rasta WCT;3;28
60;Game Over T-Shirt;3;28
16;Wimbledon T-Shirt;3;7
54;Patamonia Fleece Jacket;3;25
21;Basket Shoes;3;8
21;Basket Shoes;3;8
59;Rasta WCT;3;28
27;Tracksuit;3;11
33;Car Boots;3;15
25;Basket Vest;3;11
25;Basket Vest;3;11
54;Patamonia Fleece Jacket;3;25
59;Rasta WCT;3;28
20;Tennis Suit;3;8
72;Rossi Shorts;4;14
43;Summer Shorts;4;20
12;Tiny Winy Hot Bikini;4;5
31;Rossi Bermuda Shorts;4;14
31;Rossi Bermuda Shorts;4;14
72;Rossi Shorts;4;14
31;Rossi Bermuda Shorts;4;14
72;Rossi Shorts;4;14
42;Balett Shoes;5;20
56;High Heels Shoes;5;26
52;Small Crocodile Boots;5;24
56;High Heels Shoes;5;26
64;WFS shoes;5;12
56;High Heels Shoes;5;26
52;Small Crocodile Boots;5;24
56;High Heels Shoes;5;26
64;WFS shoes;5;12
17;TieBreak Tennis shoes;6;7
17;TieBreak Tennis shoes;6;7
29;Davenport;6;12
51;Snake Boots;6;24
51;Snake Boots;6;24
7;Conserve Shoes;7;3
74;Nikee Running Shoes;7;4
40;Duck Trousers;8;19
30;Baby Dark Lounge Suit;8;13
30;Baby Dark Lounge Suit;8;13
40;Duck Trousers;8;19
30;Baby Dark Lounge Suit;8;13
24;Samba Socker  Socks;1;10
24;Samba Socker  Socks;1;10
11;Desperado Jeans;1;5
70;US-Master Jeans;1;7
6;Shagall Socks;2;3
15;Sumi Underwear;2;6
39;Terence Top;2;18
8;Tuxedo;2;3
3;Chantell Shirt;2;1
38;Le Baby Dress;2;18
76;Minnki Pälsii;2;23
25;Basket Vest;3;11
16;Wimbledon T-Shirt;3;7
59;Rasta WCT;3;28
59;Rasta WCT;3;28
25;Basket Vest;3;11
59;Rasta WCT;3;28
21;Basket Shoes;3;8
49;Finnish Sport Blades;3;23
55;Feiss Fleece Trousers;3;25
62;Sheat Shoes;3;29
26;Bike Helmet;3;11
62;Sheat Shoes;3;29
54;Patamonia Fleece Jacket;3;25
26;Bike Helmet;3;11
55;Feiss Fleece Trousers;3;25
31;Rossi Bermuda Shorts;4;14
43;Summer Shorts;4;20
12;Tiny Winy Hot Bikini;4;5
72;Rossi Shorts;4;14
29;Davenport;6;12
14;Kool Sunglasses;7;6
36;Mehmet-Tröja;8;17
30;Baby Dark Lounge Suit;8;13
13;Aino Shoes;8;6
36;Mehmet-Tröja;8;17
13;Aino Shoes;8;6
30;Baby Dark Lounge Suit;8;13
40;Duck Trousers;8;19
71;Atles Lussekofta;1;15
70;US-Master Jeans;1;7
11;Desperado Jeans;1;5
2;Mr X Trousers;1;1
77;Skirt;2;12
77;Skirt;2;12
65;Stretch oui-pants;2;2
53;Jumpin Jack Flash Dress;2;24
39;Terence Top;2;18
69;Racing Truck  Socks;3;15
60;Game Over T-Shirt;3;28
16;Wimbledon T-Shirt;3;7
62;Sheat Shoes;3;29
68;Cap;3;8
62;Sheat Shoes;3;29
31;Rossi Bermuda Shorts;4;14
23;DSW;5;9
57;Burned Rubber Shoes;5;26
47;Lundenhagen Boots;6;22
51;Snake Boots;6;24
14;Kool Sunglasses;7;6
7;Conserve Shoes;7;3
7;Conserve Shoes;7;3
41;Duck Shirt;8;19
41;Duck Shirt;8;19
10;Sapporoo Gloves;8;4
41;Duck Shirt;8;19
13;Aino Shoes;8;6
40;Duck Trousers;8;19
1;Lenin Jeansshorts;1;1
24;Samba Socker  Socks;1;10
5;O-Man Underwear;1;2
1;Lenin Jeansshorts;1;1
2;Mr X Trousers;1;1
75;Bow tie;1;12
2;Mr X Trousers;1;1
1;Lenin Jeansshorts;1;1
71;Atles Lussekofta;1;15
70;US-Master Jeans;1;7
71;Atles Lussekofta;1;15
77;Skirt;2;12
6;Shagall Socks;2;3
3;Chantell Shirt;2;1
77;Skirt;2;12
65;Stretch oui-pants;2;2
77;Skirt;2;12
63;Serve-Shirt;2;7
3;Chantell Shirt;2;1
3;Chantell Shirt;2;1
39;Terence Top;2;18
53;Jumpin Jack Flash Dress;2;24
76;Minnki Pälsii;2;23
39;Terence Top;2;18
53;Jumpin Jack Flash Dress;2;24
76;Minnki Pälsii;2;23
19;Squash Shorts;3;8
59;Rasta WCT;3;28
59;Rasta WCT;3;28
19;Squash Shorts;3;8
59;Rasta WCT;3;28
59;Rasta WCT;3;28
16;Wimbledon T-Shirt;3;7
55;Feiss Fleece Trousers;3;25
19;Squash Shorts;3;8
59;Rasta WCT;3;28
49;Finnish Sport Blades;3;23
62;Sheat Shoes;3;29
62;Sheat Shoes;3;29
68;Cap;3;8
21;Basket Shoes;3;8
62;Sheat Shoes;3;29
54;Patamonia Fleece Jacket;3;25
62;Sheat Shoes;3;29
61;Adihash Running Shoe;3;29
55;Feiss Fleece Trousers;3;25
31;Rossi Bermuda Shorts;4;14
34;Baywatch Bikkini;4;16
34;Baywatch Bikkini;4;16
72;Rossi Shorts;4;14
22;Ravellis Träskor;5;9
23;DSW;5;9
64;WFS shoes;5;12
57;Burned Rubber Shoes;5;26
23;DSW;5;9
42;Balett Shoes;5;20
64;WFS shoes;5;12
56;High Heels Shoes;5;26
56;High Heels Shoes;5;26
17;TieBreak Tennis shoes;6;7
45;Danske Treshoe;6;21
47;Lundenhagen Boots;6;22
17;TieBreak Tennis shoes;6;7
29;Davenport;6;12
17;TieBreak Tennis shoes;6;7
29;Davenport;6;12
28;RDL Suit;7;12
14;Kool Sunglasses;7;6
7;Conserve Shoes;7;3
28;RDL Suit;7;12
28;RDL Suit;7;12
46;Rodbye Troje;8;21
73;Mehmet-Napp;8;17
41;Duck Shirt;8;19
41;Duck Shirt;8;19
13;Aino Shoes;8;6
46;Rodbye Troje;8;21
41;Duck Shirt;8;19
30;Baby Dark Lounge Suit;8;13
46;Rodbye Troje;8;21
40;Duck Trousers;8;19
58;Ga-Ga Dress;8;27
63;Serve-Shirt;2;7
38;Le Baby Dress;2;18
19;Squash Shorts;3;8
60;Game Over T-Shirt;3;28
68;Cap;3;8
35;LA. Shorts;4;16
56;High Heels Shoes;5;26
56;High Heels Shoes;5;26
51;Snake Boots;6;24
29;Davenport;6;12
7;Conserve Shoes;7;3
30;Baby Dark Lounge Suit;8;13
75;Bow tie;1;12
67;X-Dress;2;16
68;Cap;3;8
33;Car Boots;3;15
31;Rossi Bermuda Shorts;4;14
35;LA. Shorts;4;16
43;Summer Shorts;4;20
34;Baywatch Bikkini;4;16
28;RDL Suit;7;12
73;Mehmet-Napp;8;17
41;Duck Shirt;8;19
65;Stretch oui-pants;2;2
77;Skirt;2;12
76;Minnki Pälsii;2;23
25;Basket Vest;3;11
56;High Heels Shoes;5;26
64;WFS shoes;5;12
47;Lundenhagen Boots;6;22
10;Sapporoo Gloves;8;4
11;Desperado Jeans;1;5
77;Skirt;2;12
6;Shagall Socks;2;3
65;Stretch oui-pants;2;2
77;Skirt;2;12
63;Serve-Shirt;2;7
53;Jumpin Jack Flash Dress;2;24
39;Terence Top;2;18
44;Okkaba Skin Jackets;2;20
19;Squash Shorts;3;8
26;Bike Helmet;3;11
21;Basket Shoes;3;8
19;Squash Shorts;3;8
26;Bike Helmet;3;11
35;LA. Shorts;4;16
35;LA. Shorts;4;16
51;Snake Boots;6;24
41;Duck Shirt;8;19
41;Duck Shirt;8;19
13;Aino Shoes;8;6
10;Sapporoo Gloves;8;4
24;Samba Socker  Socks;1;10
24;Samba Socker  Socks;1;10
71;Atles Lussekofta;1;15
11;Desperado Jeans;1;5
65;Stretch oui-pants;2;2
65;Stretch oui-pants;2;2
38;Le Baby Dress;2;18
65;Stretch oui-pants;2;2
38;Le Baby Dress;2;18
77;Skirt;2;12
77;Skirt;2;12
39;Terence Top;2;18
38;Le Baby Dress;2;18
69;Racing Truck  Socks;3;15
68;Cap;3;8
61;Adihash Running Shoe;3;29
19;Squash Shorts;3;8
49;Finnish Sport Blades;3;23
31;Rossi Bermuda Shorts;4;14
31;Rossi Bermuda Shorts;4;14
31;Rossi Bermuda Shorts;4;14
43;Summer Shorts;4;20
56;High Heels Shoes;5;26
52;Small Crocodile Boots;5;24
17;TieBreak Tennis shoes;6;7
51;Snake Boots;6;24
41;Duck Shirt;8;19
36;Mehmet-Tröja;8;17
36;Mehmet-Tröja;8;17
10;Sapporoo Gloves;8;4
18;Deuce shirt;8;7
13;Aino Shoes;8;6
24;Samba Socker  Socks;1;10
75;Bow tie;1;12
24;Samba Socker  Socks;1;10
75;Bow tie;1;12
53;Jumpin Jack Flash Dress;2;24
39;Terence Top;2;18
60;Game Over T-Shirt;3;28
25;Basket Vest;3;11
19;Squash Shorts;3;8
55;Feiss Fleece Trousers;3;25
54;Patamonia Fleece Jacket;3;25
33;Car Boots;3;15
34;Baywatch Bikkini;4;16
52;Small Crocodile Boots;5;24
47;Lundenhagen Boots;6;22
40;Duck Trousers;8;19
46;Rodbye Troje;8;21
41;Duck Shirt;8;19
30;Baby Dark Lounge Suit;8;13
69;Racing Truck  Socks;3;15
25;Basket Vest;3;11
68;Cap;3;8
55;Feiss Fleece Trousers;3;25
27;Tracksuit;3;11
72;Rossi Shorts;4;14
43;Summer Shorts;4;20
56;High Heels Shoes;5;26
45;Danske Treshoe;6;21
28;RDL Suit;7;12
70;US-Master Jeans;1;7
1;Lenin Jeansshorts;1;1
69;Racing Truck  Socks;3;15
24;Samba Socker  Socks;1;10
68;Cap;3;8
54;Patamonia Fleece Jacket;3;25
49;Finnish Sport Blades;3;23
7;Conserve Shoes;7;3
46;Rodbye Troje;8;21
24;Samba Socker  Socks;1;10
24;Samba Socker  Socks;1;10
2;Mr X Trousers;1;1
75;Bow tie;1;12
1;Lenin Jeansshorts;1;1
70;US-Master Jeans;1;7
1;Lenin Jeansshorts;1;1
2;Mr X Trousers;1;1
2;Mr X Trousers;1;1
71;Atles Lussekofta;1;15
70;US-Master Jeans;1;7
6;Shagall Socks;2;3
65;Stretch oui-pants;2;2
77;Skirt;2;12
65;Stretch oui-pants;2;2
77;Skirt;2;12
3;Chantell Shirt;2;1
44;Okkaba Skin Jackets;2;20
53;Jumpin Jack Flash Dress;2;24
4;Oyaki Kimono;2;2
8;Tuxedo;2;3
44;Okkaba Skin Jackets;2;20
53;Jumpin Jack Flash Dress;2;24
53;Jumpin Jack Flash Dress;2;24
38;Le Baby Dress;2;18
38;Le Baby Dress;2;18
39;Terence Top;2;18
44;Okkaba Skin Jackets;2;20
38;Le Baby Dress;2;18
39;Terence Top;2;18
76;Minnki Pälsii;2;23
76;Minnki Pälsii;2;23
76;Minnki Pälsii;2;23
69;Racing Truck  Socks;3;15
16;Wimbledon T-Shirt;3;7
49;Finnish Sport Blades;3;23
21;Basket Shoes;3;8
59;Rasta WCT;3;28
60;Game Over T-Shirt;3;28
60;Game Over T-Shirt;3;28
60;Game Over T-Shirt;3;28
50;Finnish Swimsuit;3;23
59;Rasta WCT;3;28
61;Adihash Running Shoe;3;29
33;Car Boots;3;15
16;Wimbledon T-Shirt;3;7
68;Cap;3;8
33;Car Boots;3;15
60;Game Over T-Shirt;3;28
19;Squash Shorts;3;8
59;Rasta WCT;3;28
33;Car Boots;3;15
21;Basket Shoes;3;8
16;Wimbledon T-Shirt;3;7
16;Wimbledon T-Shirt;3;7
19;Squash Shorts;3;8
20;Tennis Suit;3;8
62;Sheat Shoes;3;29
62;Sheat Shoes;3;29
26;Bike Helmet;3;11
20;Tennis Suit;3;8
26;Bike Helmet;3;11
55;Feiss Fleece Trousers;3;25
27;Tracksuit;3;11
72;Rossi Shorts;4;14
31;Rossi Bermuda Shorts;4;14
35;LA. Shorts;4;16
43;Summer Shorts;4;20
31;Rossi Bermuda Shorts;4;14
43;Summer Shorts;4;20
72;Rossi Shorts;4;14
35;LA. Shorts;4;16
23;DSW;5;9
42;Balett Shoes;5;20
42;Balett Shoes;5;20
42;Balett Shoes;5;20
23;DSW;5;9
64;WFS shoes;5;12
64;WFS shoes;5;12
42;Balett Shoes;5;20
64;WFS shoes;5;12
17;TieBreak Tennis shoes;6;7
9;Fuji Boots;6;4
17;TieBreak Tennis shoes;6;7
45;Danske Treshoe;6;21
47;Lundenhagen Boots;6;22
51;Snake Boots;6;24
29;Davenport;6;12
51;Snake Boots;6;24
74;Nikee Running Shoes;7;4
74;Nikee Running Shoes;7;4
7;Conserve Shoes;7;3
7;Conserve Shoes;7;3
36;Mehmet-Tröja;8;17
10;Sapporoo Gloves;8;4
13;Aino Shoes;8;6
36;Mehmet-Tröja;8;17
13;Aino Shoes;8;6
18;Deuce shirt;8;7
40;Duck Trousers;8;19
18;Deuce shirt;8;7
40;Duck Trousers;8;19
40;Duck Trousers;8;19
30;Baby Dark Lounge Suit;8;13
13;Aino Shoes;8;6
58;Ga-Ga Dress;8;27
1;Lenin Jeansshorts;1;1
71;Atles Lussekofta;1;15
71;Atles Lussekofta;1;15
69;Racing Truck  Socks;3;15
21;Basket Shoes;3;8
60;Game Over T-Shirt;3;28
12;Tiny Winy Hot Bikini;4;5
43;Summer Shorts;4;20
29;Davenport;6;12
14;Kool Sunglasses;7;6
14;Kool Sunglasses;7;6
36;Mehmet-Tröja;8;17
13;Aino Shoes;8;6
24;Samba Socker  Socks;1;10
1;Lenin Jeansshorts;1;1
2;Mr X Trousers;1;1
2;Mr X Trousers;1;1
75;Bow tie;1;12
60;Game Over T-Shirt;3;28
54;Patamonia Fleece Jacket;3;25
68;Cap;3;8
61;Adihash Running Shoe;3;29
62;Sheat Shoes;3;29
61;Adihash Running Shoe;3;29
35;LA. Shorts;4;16
31;Rossi Bermuda Shorts;4;14
51;Snake Boots;6;24
74;Nikee Running Shoes;7;4
58;Ga-Ga Dress;8;27
5;O-Man Underwear;1;2
24;Samba Socker  Socks;1;10
2;Mr X Trousers;1;1
39;Terence Top;2;18
4;Oyaki Kimono;2;2
4;Oyaki Kimono;2;2
66;Langoste Shirt;2;2
67;X-Dress;2;16
25;Basket Vest;3;11
68;Cap;3;8
49;Finnish Sport Blades;3;23
26;Bike Helmet;3;11
72;Rossi Shorts;4;14
32;Rossi Bikkini;4;14
22;Ravellis Träskor;5;9
42;Balett Shoes;5;20
40;Duck Trousers;8;19
41;Duck Shirt;8;19
36;Mehmet-Tröja;8;17
77;Skirt;2;12
60;Game Over T-Shirt;3;28
19;Squash Shorts;3;8
26;Bike Helmet;3;11
45;Danske Treshoe;6;21
47;Lundenhagen Boots;6;22
51;Snake Boots;6;24
74;Nikee Running Shoes;7;4
40;Duck Trousers;8;19
18;Deuce shirt;8;7
24;Samba Socker  Socks;1;10
24;Samba Socker  Socks;1;10
70;US-Master Jeans;1;7
75;Bow tie;1;12
11;Desperado Jeans;1;5
2;Mr X Trousers;1;1
75;Bow tie;1;12
71;Atles Lussekofta;1;15
2;Mr X Trousers;1;1
2;Mr X Trousers;1;1
11;Desperado Jeans;1;5
4;Oyaki Kimono;2;2
3;Chantell Shirt;2;1
8;Tuxedo;2;3
77;Skirt;2;12
67;X-Dress;2;16
66;Langoste Shirt;2;2
77;Skirt;2;12
6;Shagall Socks;2;3
8;Tuxedo;2;3
44;Okkaba Skin Jackets;2;20
77;Skirt;2;12
39;Terence Top;2;18
76;Minnki Pälsii;2;23
76;Minnki Pälsii;2;23
38;Le Baby Dress;2;18
38;Le Baby Dress;2;18
76;Minnki Pälsii;2;23
60;Game Over T-Shirt;3;28
21;Basket Shoes;3;8
59;Rasta WCT;3;28
59;Rasta WCT;3;28
25;Basket Vest;3;11
59;Rasta WCT;3;28
59;Rasta WCT;3;28
62;Sheat Shoes;3;29
16;Wimbledon T-Shirt;3;7
26;Bike Helmet;3;11
25;Basket Vest;3;11
19;Squash Shorts;3;8
33;Car Boots;3;15
55;Feiss Fleece Trousers;3;25
16;Wimbledon T-Shirt;3;7
21;Basket Shoes;3;8
59;Rasta WCT;3;28
33;Car Boots;3;15
21;Basket Shoes;3;8
68;Cap;3;8
59;Rasta WCT;3;28
61;Adihash Running Shoe;3;29
62;Sheat Shoes;3;29
20;Tennis Suit;3;8
55;Feiss Fleece Trousers;3;25
26;Bike Helmet;3;11
12;Tiny Winy Hot Bikini;4;5
32;Rossi Bikkini;4;14
31;Rossi Bermuda Shorts;4;14
72;Rossi Shorts;4;14
43;Summer Shorts;4;20
32;Rossi Bikkini;4;14
57;Burned Rubber Shoes;5;26
23;DSW;5;9
57;Burned Rubber Shoes;5;26
64;WFS shoes;5;12
52;Small Crocodile Boots;5;24
64;WFS shoes;5;12
56;High Heels Shoes;5;26
29;Davenport;6;12
51;Snake Boots;6;24
7;Conserve Shoes;7;3
28;RDL Suit;7;12
7;Conserve Shoes;7;3
28;RDL Suit;7;12
7;Conserve Shoes;7;3
28;RDL Suit;7;12
14;Kool Sunglasses;7;6
14;Kool Sunglasses;7;6
73;Mehmet-Napp;8;17
46;Rodbye Troje;8;21
10;Sapporoo Gloves;8;4
41;Duck Shirt;8;19
41;Duck Shirt;8;19
46;Rodbye Troje;8;21
10;Sapporoo Gloves;8;4
10;Sapporoo Gloves;8;4
40;Duck Trousers;8;19
41;Duck Shirt;8;19
36;Mehmet-Tröja;8;17
13;Aino Shoes;8;6
13;Aino Shoes;8;6
30;Baby Dark Lounge Suit;8;13
58;Ga-Ga Dress;8;27
75;Bow tie;1;12
70;US-Master Jeans;1;7
70;US-Master Jeans;1;7
5;O-Man Underwear;1;2
11;Desperado Jeans;1;5
71;Atles Lussekofta;1;15
2;Mr X Trousers;1;1
2;Mr X Trousers;1;1
75;Bow tie;1;12
77;Skirt;2;12
39;Terence Top;2;18
53;Jumpin Jack Flash Dress;2;24
76;Minnki Pälsii;2;23
16;Wimbledon T-Shirt;3;7
59;Rasta WCT;3;28
69;Racing Truck  Socks;3;15
16;Wimbledon T-Shirt;3;7
59;Rasta WCT;3;28
26;Bike Helmet;3;11
49;Finnish Sport Blades;3;23
61;Adihash Running Shoe;3;29
72;Rossi Shorts;4;14
32;Rossi Bikkini;4;14
32;Rossi Bikkini;4;14
31;Rossi Bermuda Shorts;4;14
31;Rossi Bermuda Shorts;4;14
43;Summer Shorts;4;20
32;Rossi Bikkini;4;14
34;Baywatch Bikkini;4;16
22;Ravellis Träskor;5;9
42;Balett Shoes;5;20
57;Burned Rubber Shoes;5;26
52;Small Crocodile Boots;5;24
45;Danske Treshoe;6;21
51;Snake Boots;6;24
28;RDL Suit;7;12
41;Duck Shirt;8;19
10;Sapporoo Gloves;8;4
41;Duck Shirt;8;19
41;Duck Shirt;8;19
13;Aino Shoes;8;6
41;Duck Shirt;8;19
13;Aino Shoes;8;6
36;Mehmet-Tröja;8;17
13;Aino Shoes;8;6
